date,season,league,country,home_team,away_team,home_score,away_score,outcome,odds_home,odds_draw,odds_away,source
2025-10-31,2025/26,Betway Premiership,South Africa,Siwelele,Sekhukhune United,1,0,1,,,,globalsportsarchive
2025-11-22,2025/26,Betway Premiership,South Africa,AmaZulu,Siwelele,2,0,1,,,,globalsportsarchive
2025-11-22,2025/26,Betway Premiership,South Africa,Kruger United,Casric Stars,3,2,1,,,,globalsportsarchive
2025-11-25,2025/26,Betway Premiership,South Africa,Orlando Pirates,Chippa United,2,0,1,,,,globalsportsarchive
2025-11-28,2025/26,Betway Premiership,South Africa,Richards Bay,AmaZulu,2,0,1,,,,globalsportsarchive
2025-12-06,2025/26,Betway Premiership,South Africa,Orlando Pirates,Marumo Gallants,1,0,1,,,,globalsportsarchive
2025-12-06,2025/26,Betway Premiership,South Africa,The Bees,Kruger United,3,1,1,,,,globalsportsarchive
2026-01-21,2025/26,Betway Premiership,South Africa,TS Galaxy,Marumo Gallants,2,0,1,,,,globalsportsarchive
2026-01-25,2025/26,Betway Premiership,South Africa,AmaZulu,TS Galaxy,3,2,1,,,,globalsportsarchive
2026-01-25,2025/26,Betway Premiership,South Africa,Durban City,Polokwane City,1,0,1,,,,globalsportsarchive
2026-01-28,2025/26,Betway Premiership,South Africa,Kruger United,Hungry Lions,1,0,1,,,,globalsportsarchive
2026-01-31,2025/26,Betway Premiership,South Africa,Chippa United,Durban City,2,0,1,,,,globalsportsarchive
2026-02-01,2025/26,Betway Premiership,South Africa,Kaizer Chiefs,ZESCO United,1,0,1,,,,globalsportsarchive
2026-02-04,2025/26,Betway Premiership,South Africa,Stellenbosch,Kaizer Chiefs,2,1,1,,,,globalsportsarchive
2026-02-06,2025/26,Betway Premiership,South Africa,Durban City,Chippa United,0,0,2,,,,globalsportsarchive
2026-02-08,2025/26,Betway Premiership,South Africa,AS Otohô,Stellenbosch,3,0,1,,,,globalsportsarchive
2026-02-08,2025/26,Betway Premiership,South Africa,Golden Arrows,Orbit College,3,0,1,,,,globalsportsarchive
2026-02-08,2025/26,Betway Premiership,South Africa,Kaizer Chiefs,El Masry,2,1,1,,,,globalsportsarchive
2026-02-08,2025/26,Betway Premiership,South Africa,TS Galaxy,Marumo Gallants,1,0,1,,,,globalsportsarchive
2026-02-13,2025/26,Betway Premiership,South Africa,Durban City,TS Galaxy,2,0,1,,,,globalsportsarchive
2026-02-14,2025/26,Betway Premiership,South Africa,Chippa United,Richards Bay,3,0,1,,,,globalsportsarchive
2026-02-14,2025/26,Betway Premiership,South Africa,Kruger United,Upington City,2,1,1,,,,globalsportsarchive
2026-02-14,2025/26,Betway Premiership,South Africa,Orlando Pirates,Marumo Gallants,3,0,1,,,,globalsportsarchive
2026-02-14,2025/26,Betway Premiership,South Africa,Zamalek,Kaizer Chiefs,2,1,1,,,,globalsportsarchive
2026-02-15,2025/26,Betway Premiership,South Africa,Milford,Highbury,1,0,1,,,,globalsportsarchive
2026-02-15,2025/26,Betway Premiership,South Africa,Sekhukhune United,Orbit College,2,0,1,,,,globalsportsarchive
2026-02-21,2025/26,Betway Premiership,South Africa,Golden Arrows,Stellenbosch,1,0,1,,,,globalsportsarchive
2026-02-21,2025/26,Betway Premiership,South Africa,TS Galaxy,Mamelodi Sundowns,2,0,1,,,,globalsportsarchive
2026-02-22,2025/26,Betway Premiership,South Africa,Milford,Mkhambathi,3,0,1,,,,globalsportsarchive
2026-02-27,2025/26,Betway Premiership,South Africa,Kruger United,Venda,3,1,1,,,,globalsportsarchive
2026-02-27,2025/26,Betway Premiership,South Africa,Stellenbosch,AmaZulu,1,0,1,,,,globalsportsarchive
2026-02-28,2025/26,Betway Premiership,South Africa,Siwelele,TS Galaxy,1,0,1,,,,globalsportsarchive
2026-03-01,2025/26,Betway Premiership,South Africa,Mamelodi Sundowns,Sekhukhune United,3,1,1,,,,globalsportsarchive
2026-03-03,2025/26,Betway Premiership,South Africa,Richards Bay,Kaizer Chiefs,1,0,1,,,,globalsportsarchive
2026-03-04,2025/26,Betway Premiership,South Africa,Mamelodi Sundowns,Golden Arrows,2,1,1,,,,globalsportsarchive
2026-03-08,2025/26,Betway Premiership,South Africa,TS Galaxy,Jacksa Spears,2,0,1,,,,globalsportsarchive
2026-03-11,2025/26,Betway Premiership,South Africa,Orlando Pirates,Richards Bay,2,0,1,,,,globalsportsarchive
2026-03-13,2025/26,Betway Premiership,South Africa,Mamelodi Sundowns,Stade Malien de Bamako,3,0,1,,,,globalsportsarchive
2026-03-14,2025/26,Betway Premiership,South Africa,AmaZulu,Richards Bay,2,1,1,,,,globalsportsarchive
2026-03-14,2025/26,Betway Premiership,South Africa,Kruger United,Milford,1,0,1,,,,globalsportsarchive
2026-03-15,2025/26,Betway Premiership,South Africa,Kaizer Chiefs,Durban City,1,0,1,,,,globalsportsarchive
2026-03-17,2025/26,Betway Premiership,South Africa,Mamelodi Sundowns,Marumo Gallants,3,1,1,,,,globalsportsarchive
2026-03-20,2025/26,Betway Premiership,South Africa,Casric Stars,Kruger United,4,0,1,,,,globalsportsarchive
2026-03-21,2025/26,Betway Premiership,South Africa,Kaizer Chiefs,Magesi,2,0,1,,,,globalsportsarchive
2026-03-21,2025/26,Betway Premiership,South Africa,Milford,Baroka,5,0,1,,,,globalsportsarchive
2026-03-21,2025/26,Betway Premiership,South Africa,Stellenbosch,Chippa United,2,1,1,,,,globalsportsarchive
2026-03-22,2025/26,Betway Premiership,South Africa,Durban City,Richards Bay,1,0,1,,,,globalsportsarchive
2026-03-22,2025/26,Betway Premiership,South Africa,Golden Arrows,Sekhukhune United,1,0,1,,,,globalsportsarchive
2026-03-22,2025/26,Betway Premiership,South Africa,Siwelele,Orbit College,1,0,1,,,,globalsportsarchive
2026-03-22,2025/26,Betway Premiership,South Africa,Stade Malien de Bamako,Mamelodi Sundowns,2,0,1,,,,globalsportsarchive
2026-04-03,2025/26,Betway Premiership,South Africa,Mamelodi Sundowns,Chippa United,4,1,1,,,,globalsportsarchive
2026-04-04,2025/26,Betway Premiership,South Africa,Durban City,Casric Stars,1,0,1,,,,globalsportsarchive
2026-04-05,2025/26,Betway Premiership,South Africa,TS Galaxy,Milford,1,1,2,,,,globalsportsarchive
2026-04-07,2025/26,Betway Premiership,South Africa,Chippa United,Siwelele,1,0,1,,,,globalsportsarchive
2026-04-07,2025/26,Betway Premiership,South Africa,Magesi,Marumo Gallants,3,0,1,,,,globalsportsarchive
2026-04-07,2025/26,Betway Premiership,South Africa,Orlando Pirates,Golden Arrows,5,0,1,,,,globalsportsarchive
2026-04-07,2025/26,Betway Premiership,South Africa,Richards Bay,Stellenbosch,2,1,1,,,,globalsportsarchive
2026-04-08,2025/26,Betway Premiership,South Africa,Kruger United,Lerumo Lions,2,1,1,,,,globalsportsarchive
2026-04-11,2025/26,Betway Premiership,South Africa,Golden Arrows,Durban City,1,0,1,,,,globalsportsarchive
2026-04-11,2025/26,Betway Premiership,South Africa,Gomora United,Milford,2,1,1,,,,globalsportsarchive
2026-04-11,2025/26,Betway Premiership,South Africa,Sekhukhune United,Magesi,1,0,1,,,,globalsportsarchive
2026-04-12,2025/26,Betway Premiership,South Africa,Kaizer Chiefs,TS Galaxy,2,0,1,,,,globalsportsarchive
2026-04-17,2025/26,Betway Premiership,South Africa,Stellenbosch,Sekhukhune United,3,1,1,,,,globalsportsarchive
2026-04-18,2025/26,Betway Premiership,South Africa,Kruger United,Midlands Wanderers,3,0,1,,,,globalsportsarchive
2026-04-18,2025/26,Betway Premiership,South Africa,Mamelodi Sundowns,ES Tunis,1,0,1,,,,globalsportsarchive
2026-04-18,2025/26,Betway Premiership,South Africa,Milford,Upington City,3,1,1,,,,globalsportsarchive
2026-04-18,2025/26,Betway Premiership,South Africa,Orlando Pirates,AmaZulu,3,0,1,,,,globalsportsarchive
2026-04-19,2025/26,Betway Premiership,South Africa,Magesi,Durban City,5,2,1,,,,globalsportsarchive
2026-04-22,2025/26,Betway Premiership,South Africa,Kruger United,Cape Town City,2,1,1,,,,globalsportsarchive
2026-04-22,2025/26,Betway Premiership,South Africa,Venda,Milford,1,0,1,,,,globalsportsarchive
2026-04-25,2025/26,Betway Premiership,South Africa,AmaZulu,Chippa United,5,1,1,,,,globalsportsarchive
2026-04-26,2025/26,Betway Premiership,South Africa,Polokwane City,Stellenbosch,1,0,1,,,,globalsportsarchive
2026-04-29,2025/26,Betway Premiership,South Africa,Siwelele,Kaizer Chiefs,2,0,1,,,,globalsportsarchive
2026-05-02,2025/26,Betway Premiership,South Africa,Durban City,TS Galaxy,2,1,1,,,,globalsportsarchive
2026-05-02,2025/26,Betway Premiership,South Africa,Kruger United,Black Leopards,3,1,1,,,,globalsportsarchive
2026-05-02,2025/26,Betway Premiership,South Africa,Milford,The Bees,2,1,1,,,,globalsportsarchive
2026-05-03,2025/26,Betway Premiership,South Africa,Mamelodi Sundowns,Polokwane City,3,0,1,,,,globalsportsarchive
2026-05-09,2025/26,Betway Premiership,South Africa,Mamelodi Sundowns,Siwelele,7,4,1,,,,globalsportsarchive
2026-05-10,2025/26,Betway Premiership,South Africa,Milford,University of Pretoria,2,0,1,,,,globalsportsarchive
2026-05-12,2025/26,Betway Premiership,South Africa,TS Galaxy,Mamelodi Sundowns,3,2,1,,,,globalsportsarchive
2026-05-16,2025/26,Betway Premiership,South Africa,Siwelele,Magesi,1,0,1,,,,globalsportsarchive
2026-05-16,2025/26,Betway Premiership,South Africa,Stellenbosch,Orbit College,2,0,1,,,,globalsportsarchive
2026-05-17,2025/26,Betway Premiership,South Africa,Mamelodi Sundowns,AS FAR,1,0,1,,,,globalsportsarchive
2026-05-23,2025/26,Betway Premiership,South Africa,Magesi,Richards Bay,1,0,1,,,,globalsportsarchive
2026-06-03,2025/26,Betway Premiership,South Africa,Milford,Magesi,1,0,1,,,,globalsportsarchive
2026-08-01,2026/27,Betway Premiership,South Africa,Golden Arrows,Chippa Utd.,0,0,2,2.01,3.08,3.58,betexplorer
2026-08-01,2026/27,Betway Premiership,South Africa,Kruger United,Kaizer Chiefs,1,3,3,4.83,3.18,1.74,betexplorer
2026-08-01,2026/27,Betway Premiership,South Africa,Orlando Pirates,Milford,2,0,1,1.25,5.13,10.5,betexplorer
2026-08-01,2026/27,Betway Premiership,South Africa,Sekhukhune United,Durban City,1,0,1,1.97,2.93,3.95,betexplorer
2026-08-01,2026/27,Betway Premiership,South Africa,Stellenbosch,AmaZulu,0,1,3,2.45,2.88,2.91,betexplorer
2026-08-02,2026/27,Betway Premiership,South Africa,Richards Bay,Polokwane City,1,2,3,2.5,2.65,3.08,betexplorer
2026-08-02,2026/27,Betway Premiership,South Africa,Siwelele,TS Galaxy,2,2,2,2.2,2.88,3.35,betexplorer
2026-08-08,2026/27,Betway Premiership,South Africa,Mamelodi Sundowns,Polokwane City,3,2,1,,,,globalsportsarchive
2026-08-08,2026/27,Betway Premiership,South Africa,Orlando Pirates,Durban City,2,1,1,,,,globalsportsarchive
2026-08-11,2026/27,Betway Premiership,South Africa,Chippa Utd.,Richards Bay,1,1,2,3.0,2.8,2.44,betexplorer
2026-08-11,2026/27,Betway Premiership,South Africa,Marumo Gallants,Kruger United,0,0,2,2.36,2.73,3.23,betexplorer
2026-08-11,2026/27,Betway Premiership,South Africa,Polokwane City,Stellenbosch,3,3,2,2.42,2.73,3.13,betexplorer
2026-08-11,2026/27,Betway Premiership,South Africa,TS Galaxy,Mamelodi Sundowns,2,3,3,5.9,3.8,1.51,betexplorer
2026-08-12,2026/27,Betway Premiership,South Africa,AmaZulu,Orlando Pirates,1,1,2,6.2,3.4,1.56,betexplorer
2026-08-12,2026/27,Betway Premiership,South Africa,Durban City,Golden Arrows,0,0,2,2.6,2.78,2.8,betexplorer
2026-08-12,2026/27,Betway Premiership,South Africa,Kaizer Chiefs,Sekhukhune United,2,0,1,1.87,2.95,4.4,betexplorer
2026-08-12,2026/27,Betway Premiership,South Africa,Milford,Siwelele,1,0,1,2.73,2.84,2.65,betexplorer
2026-08-14,2026/27,Betway Premiership,South Africa,Stellenbosch,Marumo Gallants,3,1,1,2.05,2.85,3.85,betexplorer
2026-08-15,2026/27,Betway Premiership,South Africa,AmaZulu,Siwelele,2,0,1,2.36,2.84,3.15,betexplorer
2026-08-15,2026/27,Betway Premiership,South Africa,Durban City,Richards Bay,1,1,2,2.12,2.8,3.7,betexplorer
2026-08-15,2026/27,Betway Premiership,South Africa,Kaizer Chiefs,Mamelodi Sundowns,1,1,2,4.0,3.08,1.91,betexplorer
2026-08-15,2026/27,Betway Premiership,South Africa,Milford,Kruger United,2,1,1,2.13,2.85,3.55,betexplorer
2026-08-15,2026/27,Betway Premiership,South Africa,Sekhukhune United,Polokwane City,2,0,1,2.3,2.75,3.28,betexplorer
2026-08-16,2026/27,Betway Premiership,South Africa,Chippa Utd.,Orlando Pirates,0,3,3,9.8,4.75,1.28,betexplorer
2026-08-16,2026/27,Betway Premiership,South Africa,TS Galaxy,Golden Arrows,0,0,2,2.73,2.83,2.65,betexplorer
2026-08-19,2026/27,Betway Premiership,South Africa,Mamelodi Sundowns,Marumo Gallants,2,0,1,1.25,5.35,9.7,betexplorer
2026-08-25,2026/27,Betway Premiership,South Africa,Kruger United,Durban City,0,2,3,3.1,2.84,2.36,betexplorer
2026-08-25,2026/27,Betway Premiership,South Africa,Marumo Gallants,TS Galaxy,2,3,3,2.49,2.8,2.91,betexplorer
2026-08-25,2026/27,Betway Premiership,South Africa,Orlando Pirates,Sekhukhune United,2,0,1,1.37,4.2,8.23,betexplorer
2026-08-25,2026/27,Betway Premiership,South Africa,Siwelele,Chippa Utd.,1,1,2,1.87,3.15,4.15,betexplorer
2026-08-26,2026/27,Betway Premiership,South Africa,Golden Arrows,Stellenbosch,1,0,1,2.58,2.86,2.75,betexplorer
2026-08-26,2026/27,Betway Premiership,South Africa,Mamelodi Sundowns,AmaZulu,5,2,1,1.33,4.6,8.1,betexplorer
2026-08-26,2026/27,Betway Premiership,South Africa,Polokwane City,Milford,0,0,2,2.32,2.8,3.23,betexplorer
2026-08-26,2026/27,Betway Premiership,South Africa,Richards Bay,Kaizer Chiefs,2,2,2,4.4,2.93,1.9,betexplorer
2026-08-29,2026/27,Betway Premiership,South Africa,Orlando Pirates,Sekhukhune United,3,0,1,,,,globalsportsarchive
2026-09-02,2026/27,Betway Premiership,South Africa,Durban City,Stellenbosch,0,0,2,2.19,2.95,3.28,betexplorer
2026-09-02,2026/27,Betway Premiership,South Africa,Kruger United,Orlando Pirates,0,4,3,8.2,4.45,1.34,betexplorer
2026-09-02,2026/27,Betway Premiership,South Africa,Mamelodi Sundowns,Milford,2,0,1,1.27,5.13,9.23,betexplorer
